{
    "Version": "2012-10-17",
    "Statement": [
        {
            "Sid": " abcProd0",
            "Effect": "Allow",
            "Action": [
                "s3:PutObject"
            ],
            "Resource": "arn:aws:s3:::eu-dev-export/*"
        },
        {
            "Sid": " abcProd1",
            "Effect": "Allow",
            "Action": [
                "s3:PutObject",
                "s3:GetObject"
            ],
            "Resource": "arn:aws:s3:::eu-dev-abc-export/*"
        },
        {
            "Action": [
                "logs:CreateLogGroup",
                "logs:CreateLogStream",
                "logs:DescribeLogGroups",
                "logs:DescribeLogStreams",
                "logs:PutLogEvents"
            ],
            "Effect": "Allow",
            "Resource": "*"
        }
    ]
}